Scenario Name,Heap Size,Concurrent Users,Message Size (Bytes),Back-end Service Delay (ms),Label,# Samples,Error Count,Error %,Throughput (Requests/sec),Average Response Time (ms),Standard Deviation of Response Time (ms),Minimum Response Time (ms),Maximum Response Time (ms),75th Percentile of Response Time (ms),90th Percentile of Response Time (ms),95th Percentile of Response Time (ms),98th Percentile of Response Time (ms),99th Percentile of Response Time (ms),99.9th Percentile of Response Time (ms),Received (KB/sec),Sent (KB/sec),Back-end Server GC Throughput (%),Back-end Server Memory Footprint (M),Average Back-end Server Memory Footprint After Full GC (M),Standard Deviation of Back-end Server Memory Footprint After Full GC (M),Netty Service GC Throughput (%),Netty Service Memory Footprint (M),Average Netty Service Memory Footprint After Full GC (M),Standard Deviation of Netty Service Memory Footprint After Full GC (M),JMeter Client GC Throughput (%),JMeter Client Memory Footprint (M),Average JMeter Client Memory Footprint After Full GC (M),Standard Deviation of JMeter Client Memory Footprint After Full GC (M),JMeter Server 1 GC Throughput (%),JMeter Server 1 Memory Footprint (M),Average JMeter Server 1 Memory Footprint After Full GC (M),Standard Deviation of JMeter Server 1 Memory Footprint After Full GC (M),JMeter Server 2 GC Throughput (%),JMeter Server 2 Memory Footprint (M),Average JMeter Server 2 Memory Footprint After Full GC (M),Standard Deviation of JMeter Server 2 Memory Footprint After Full GC (M),Back-end Server Load Average - Last 1 minute,Back-end Server Load Average - Last 5 minutes,Back-end Server Load Average - Last 15 minutes,Netty Service Load Average - Last 1 minute,Netty Service Load Average - Last 5 minutes,Netty Service Load Average - Last 15 minutes,JMeter Client Load Average - Last 1 minute,JMeter Client Load Average - Last 5 minutes,JMeter Client Load Average - Last 15 minutes,JMeter Server 1 Load Average - Last 1 minute,JMeter Server 1 Load Average - Last 5 minutes,JMeter Server 1 Load Average - Last 15 minutes,JMeter Server 2 Load Average - Last 1 minute,JMeter Server 2 Load Average - Last 5 minutes,JMeter Server 2 Load Average - Last 15 minutes
HTTPS echo service,4G,50,50,0,HTTP Request,20214206,0,0,33693.26,1.44,1.86,0,208,2,2,2,2,3,40,4771.02,7271.69,99.97,4095.5,,,99.97,4095.5,,,96.98,2048,5487,0,N/A,N/A,N/A,N/A,N/A,N/A,N/A,N/A,1.56,1.32,0.89,1.56,1.32,0.89,46.17,42.71,29.16,N/A,N/A,N/A,N/A,N/A,N/A
HTTPS echo service,4G,50,50,30,HTTP Request,984304,0,0,1640.68,30.44,1.1,30,81,31,31,31,31,31,41,232.32,354.09,99.99,4070,,,99.99,4070,,,99.85,2048,5486,0,N/A,N/A,N/A,N/A,N/A,N/A,N/A,N/A,0.20,0.18,0.37,0.20,0.18,0.37,1.12,2.38,10.76,N/A,N/A,N/A,N/A,N/A,N/A
HTTPS echo service,4G,50,50,500,HTTP Request,59892,0,0,99.8,501.01,0.23,500,539,501,501,501,501,501,503,14.13,21.54,0,3925.5,,,0,3925.5,,,99.98,2048,5485,0,N/A,N/A,N/A,N/A,N/A,N/A,N/A,N/A,0.00,0.02,0.14,0.00,0.02,0.14,0.00,0.11,4.07,N/A,N/A,N/A,N/A,N/A,N/A
HTTPS echo service,4G,50,50,1000,HTTP Request,29990,0,0,49.91,1002,0.12,1000,1009,1003,1003,1003,1003,1003,1003,7.07,10.77,0,3925.5,,,0,3925.5,,,99.97,2048,5486,0,N/A,N/A,N/A,N/A,N/A,N/A,N/A,N/A,0.00,0.00,0.04,0.00,0.00,0.04,0.13,0.12,1.57,N/A,N/A,N/A,N/A,N/A,N/A
HTTPS echo service,4G,50,1024,0,HTTP Request,15661843,0,0,26105.33,1.86,1.91,0,204,2,2,3,3,4,40,28578.2,30515.71,99.96,4095.5,,,99.96,4095.5,,,97.64,2048,5487,0,N/A,N/A,N/A,N/A,N/A,N/A,N/A,N/A,2.33,1.81,1.17,2.33,1.81,1.17,41.01,41.29,27.46,N/A,N/A,N/A,N/A,N/A,N/A
HTTPS echo service,4G,50,1024,30,HTTP Request,982131,0,0,1637.08,30.49,1.09,30,74,31,31,31,31,31,41,1792.16,1913.66,99.99,4070,,,99.99,4070,,,99.85,2048,5485,0,N/A,N/A,N/A,N/A,N/A,N/A,N/A,N/A,0.52,0.42,0.60,0.52,0.42,0.60,0.98,2.40,10.25,N/A,N/A,N/A,N/A,N/A,N/A
HTTPS echo service,4G,50,1024,500,HTTP Request,59916,0,0,99.81,501.02,0.35,500,536,501,501,501,501,501,503,109.27,116.68,100,3925.5,,,100,3925.5,,,99.98,2048,5486,0,N/A,N/A,N/A,N/A,N/A,N/A,N/A,N/A,0.06,0.04,0.23,0.06,0.04,0.23,0.00,0.17,3.92,N/A,N/A,N/A,N/A,N/A,N/A
HTTPS echo service,4G,50,1024,1000,HTTP Request,29979,0,0,49.9,1002,0.07,1000,1007,1003,1003,1003,1003,1003,1003,54.62,58.33,0,3925.5,,,0,3925.5,,,99.99,2048,5486,0,N/A,N/A,N/A,N/A,N/A,N/A,N/A,N/A,0.00,0.00,0.07,0.00,0.00,0.07,0.00,0.00,1.48,N/A,N/A,N/A,N/A,N/A,N/A
HTTPS echo service,4G,50,10240,0,HTTP Request,7547517,0,0,12580.24,3.92,1.97,0,211,4,5,5,6,8,34,127006.4,127940.09,99.94,4095.5,,,99.94,4095.5,,,98.81,2048,5488,0,N/A,N/A,N/A,N/A,N/A,N/A,N/A,N/A,3.97,3.78,2.49,3.97,3.78,2.49,45.54,42.15,26.92,N/A,N/A,N/A,N/A,N/A,N/A
HTTPS echo service,4G,50,10240,30,HTTP Request,978503,0,0,1630.93,30.62,0.81,30,57,31,31,31,31,31,39,16465.34,16586.38,99.99,4088.5,,,99.99,4088.5,,,99.84,2048,5485,0,N/A,N/A,N/A,N/A,N/A,N/A,N/A,N/A,0.39,0.51,1.14,0.39,0.51,1.14,0.46,2.45,10.59,N/A,N/A,N/A,N/A,N/A,N/A
HTTPS echo service,4G,50,10240,500,HTTP Request,59891,0,0,99.76,501.03,0.4,500,523,501,501,501,501,503,503,1007.13,1014.53,99.99,3925.5,,,99.99,3925.5,,,99.98,2048,5486,0,N/A,N/A,N/A,N/A,N/A,N/A,N/A,N/A,0.00,0.04,0.43,0.00,0.04,0.43,0.00,0.13,4.02,N/A,N/A,N/A,N/A,N/A,N/A
HTTPS echo service,4G,50,10240,1000,HTTP Request,29969,0,0,49.88,1002.01,0.36,1000,1023,1003,1003,1003,1003,1003,1003,503.62,507.32,99.99,3925.5,,,99.99,3925.5,,,99.98,2048,5487,0,N/A,N/A,N/A,N/A,N/A,N/A,N/A,N/A,0.00,0.00,0.15,0.00,0.00,0.15,0.00,0.00,1.50,N/A,N/A,N/A,N/A,N/A,N/A
HTTPS echo service,4G,100,50,0,HTTP Request,19872459,0,0,33123.36,2.91,3.63,0,218,3,4,4,6,8,61,4690.32,7148.69,99.97,4095.5,,,99.97,4095.5,,,97.02,2048,5487,0,N/A,N/A,N/A,N/A,N/A,N/A,N/A,N/A,2.14,1.47,0.94,2.14,1.47,0.94,84.76,77.74,50.09,N/A,N/A,N/A,N/A,N/A,N/A
HTTPS echo service,4G,100,50,30,HTTP Request,1967439,0,0,3279.26,30.45,1.54,30,269,31,31,31,31,31,66,464.35,707.73,99.99,4056,,,99.99,4056,,,99.7,2048,5487,0,N/A,N/A,N/A,N/A,N/A,N/A,N/A,N/A,0.00,0.13,0.39,0.00,0.13,0.39,0.47,3.88,18.91,N/A,N/A,N/A,N/A,N/A,N/A
HTTPS echo service,4G,100,50,500,HTTP Request,119820,0,0,199.63,501.03,0.61,500,544,501,501,501,501,503,503,28.27,43.08,0,3925.5,,,0,3925.5,,,99.97,2048,5486,0,N/A,N/A,N/A,N/A,N/A,N/A,N/A,N/A,0.00,0.00,0.13,0.00,0.00,0.13,0.00,0.27,7.25,N/A,N/A,N/A,N/A,N/A,N/A
HTTPS echo service,4G,100,50,1000,HTTP Request,59980,0,0,99.83,1002.01,0.46,1000,1044,1003,1003,1003,1003,1003,1003,14.14,21.54,0,3925.5,,,0,3925.5,,,99.98,2048,5487,0,N/A,N/A,N/A,N/A,N/A,N/A,N/A,N/A,0.00,0.01,0.06,0.00,0.01,0.06,0.69,0.19,2.79,N/A,N/A,N/A,N/A,N/A,N/A
HTTPS echo service,4G,100,1024,0,HTTP Request,15730536,0,0,26218.91,3.69,3.98,0,231,4,4,5,8,11,65,28702.54,30648.48,99.95,4095.5,,,99.95,4095.5,,,97.61,2048,5486,0,N/A,N/A,N/A,N/A,N/A,N/A,N/A,N/A,1.64,1.69,1.15,1.64,1.69,1.15,80.85,80.93,52.39,N/A,N/A,N/A,N/A,N/A,N/A
HTTPS echo service,4G,100,1024,30,HTTP Request,1964755,0,0,3274.76,30.49,1.7,30,80,31,31,31,31,31,69,3584.96,3828.01,99.98,4058.5,,,99.98,4058.5,,,99.69,2048,5487,0,N/A,N/A,N/A,N/A,N/A,N/A,N/A,N/A,0.62,0.40,0.61,0.62,0.40,0.61,0.32,3.83,19.69,N/A,N/A,N/A,N/A,N/A,N/A
HTTPS echo service,4G,100,1024,500,HTTP Request,119861,0,0,199.66,501.05,0.71,500,539,501,501,501,501,503,503,218.58,233.39,99.99,3925.5,,,99.99,3925.5,,,99.97,2048,5487,0,N/A,N/A,N/A,N/A,N/A,N/A,N/A,N/A,0.00,0.05,0.24,0.00,0.05,0.24,0.00,0.18,7.46,N/A,N/A,N/A,N/A,N/A,N/A
HTTPS echo service,4G,100,1024,1000,HTTP Request,59960,0,0,99.8,1002.01,0.48,1000,1040,1003,1003,1003,1003,1003,1003,109.25,116.66,0,3925.5,,,0,3925.5,,,99.98,2048,5488,0,N/A,N/A,N/A,N/A,N/A,N/A,N/A,N/A,0.00,0.00,0.07,0.00,0.00,0.07,0.00,0.02,2.85,N/A,N/A,N/A,N/A,N/A,N/A
HTTPS echo service,4G,100,10240,0,HTTP Request,7372366,0,0,12288.24,8.02,4.91,0,291,9,9,10,16,22,77,124058.42,124970.43,99.93,4095.5,,,99.93,4095.5,,,98.8,2048,5486,0,N/A,N/A,N/A,N/A,N/A,N/A,N/A,N/A,4.00,3.82,2.46,4.00,3.82,2.46,81.31,79.32,52.25,N/A,N/A,N/A,N/A,N/A,N/A
HTTPS echo service,4G,100,10240,30,HTTP Request,1954701,0,0,3258,30.66,1.3,30,64,31,31,31,31,31,55,32891.78,33133.58,99.97,4095,,,99.97,4095,,,99.67,2048,5487,0,N/A,N/A,N/A,N/A,N/A,N/A,N/A,N/A,1.06,1.09,1.47,1.06,1.09,1.47,0.97,4.69,20.65,N/A,N/A,N/A,N/A,N/A,N/A
HTTPS echo service,4G,100,10240,500,HTTP Request,119759,0,0,199.51,501.11,0.89,500,528,501,501,501,503,503,523,2014.22,2029.02,99.99,4055,,,99.99,4055,,,99.97,2048,5487,0,N/A,N/A,N/A,N/A,N/A,N/A,N/A,N/A,0.23,0.19,0.61,0.23,0.19,0.61,0.01,0.30,7.88,N/A,N/A,N/A,N/A,N/A,N/A
HTTPS echo service,4G,100,10240,1000,HTTP Request,59939,0,0,99.78,1002.01,0.51,1000,1026,1003,1003,1003,1003,1003,1003,1007.34,1014.75,99.99,3925.5,,,99.99,3925.5,,,99.98,2048,5487,0,N/A,N/A,N/A,N/A,N/A,N/A,N/A,N/A,0.00,0.00,0.22,0.00,0.00,0.22,0.00,0.00,2.96,N/A,N/A,N/A,N/A,N/A,N/A
HTTPS echo service,4G,200,50,0,HTTP Request,18905621,0,0,31511.63,6.01,8.74,0,383,6,7,10,18,38,132,4462.1,6800.85,99.95,4095.5,49.72,0,99.95,4095.5,49.72,0,97.07,2048,5486,0,N/A,N/A,N/A,N/A,N/A,N/A,N/A,N/A,1.16,1.23,0.91,1.16,1.23,0.91,159.17,151.83,96.92,N/A,N/A,N/A,N/A,N/A,N/A
HTTPS echo service,4G,200,50,30,HTTP Request,3928017,0,0,6546.96,30.48,1.89,30,91,31,31,31,31,32,58,927.06,1412.97,99.98,4056.5,50.121,0,99.98,4056.5,50.121,0,99.39,2048,5487,0,N/A,N/A,N/A,N/A,N/A,N/A,N/A,N/A,0.80,0.57,0.65,0.80,0.57,0.65,1.87,7.37,36.50,N/A,N/A,N/A,N/A,N/A,N/A
HTTPS echo service,4G,200,50,500,HTTP Request,239721,0,0,399.26,501.06,1.11,500,547,501,501,501,501,503,505,56.54,86.17,99.98,3925.5,61.075,0,99.98,3925.5,61.075,0,99.95,2048,5486,0,N/A,N/A,N/A,N/A,N/A,N/A,N/A,N/A,0.01,0.05,0.24,0.01,0.05,0.24,0.09,0.54,13.97,N/A,N/A,N/A,N/A,N/A,N/A
HTTPS echo service,4G,200,50,1000,HTTP Request,119940,0,0,199.6,1002.01,0.73,1000,1044,1003,1003,1003,1003,1003,1003,28.26,43.08,99.72,3925.5,58.681,0,99.72,3925.5,58.681,0,99.96,2048,5487,0,N/A,N/A,N/A,N/A,N/A,N/A,N/A,N/A,0.05,0.01,0.09,0.05,0.01,0.09,0.00,0.02,5.28,N/A,N/A,N/A,N/A,N/A,N/A
HTTPS echo service,4G,200,1024,0,HTTP Request,15004609,0,0,25008.43,7.54,10.37,0,454,8,9,13,23,44,156,27377.39,29233.49,99.93,4095.5,50.056,0,99.93,4095.5,50.056,0,97.67,2048,5485,0,N/A,N/A,N/A,N/A,N/A,N/A,N/A,N/A,2.40,2.20,1.45,2.40,2.20,1.45,173.08,158.51,100.79,N/A,N/A,N/A,N/A,N/A,N/A
HTTPS echo service,4G,200,1024,30,HTTP Request,3924640,0,0,6541.46,30.53,2.45,30,86,31,31,31,31,31,75,7161.11,7646.61,99.97,4082,50.176,0,99.97,4082,50.176,0,99.37,2048,5486,0,N/A,N/A,N/A,N/A,N/A,N/A,N/A,N/A,0.40,0.66,0.93,0.40,0.66,0.93,1.89,7.82,36.67,N/A,N/A,N/A,N/A,N/A,N/A
HTTPS echo service,4G,200,1024,500,HTTP Request,239725,0,0,399.3,501.07,1.04,500,541,501,501,501,503,503,507,437.12,466.76,99.99,3925.5,51.539,0,99.99,3925.5,51.539,0,99.95,2048,5486,0,N/A,N/A,N/A,N/A,N/A,N/A,N/A,N/A,0.06,0.15,0.42,0.06,0.15,0.42,0.02,0.47,13.97,N/A,N/A,N/A,N/A,N/A,N/A
HTTPS echo service,4G,200,1024,1000,HTTP Request,119941,0,0,199.6,1002.01,0.53,1000,1040,1003,1003,1003,1003,1003,1003,218.51,233.32,99.98,3925.5,62.287,0,99.98,3925.5,62.287,0,99.97,2048,5485,0,N/A,N/A,N/A,N/A,N/A,N/A,N/A,N/A,0.00,0.00,0.14,0.00,0.00,0.14,0.08,0.13,5.33,N/A,N/A,N/A,N/A,N/A,N/A
HTTPS echo service,4G,200,10240,0,HTTP Request,7205031,0,0,12008.59,16.18,14.07,0,565,17,19,28,43,66,197,121235.11,122126.37,99.89,4095.5,43.22,0,99.89,4095.5,43.22,0,98.75,2048,5486,0,N/A,N/A,N/A,N/A,N/A,N/A,N/A,N/A,5.44,4.82,3.04,5.44,4.82,3.04,155.52,159.96,103.42,N/A,N/A,N/A,N/A,N/A,N/A
HTTPS echo service,4G,200,10240,30,HTTP Request,3888755,0,0,6481.3,30.8,2.33,30,82,31,31,31,31,32,67,65433.3,65914.33,99.93,4095.5,50.715,0,99.93,4095.5,50.715,0,99.3,2048,5487,0,N/A,N/A,N/A,N/A,N/A,N/A,N/A,N/A,1.89,2.02,2.34,1.89,2.02,2.34,1.86,9.61,41.78,N/A,N/A,N/A,N/A,N/A,N/A
HTTPS echo service,4G,200,10240,500,HTTP Request,239558,0,0,399.03,501.14,1.32,500,543,501,501,501,503,503,527,4028.53,4058.15,99.98,4049.5,50.726,0,99.98,4049.5,50.726,0,99.94,2048,5487,0,N/A,N/A,N/A,N/A,N/A,N/A,N/A,N/A,0.02,0.21,0.96,0.02,0.21,0.96,0.05,0.50,14.98,N/A,N/A,N/A,N/A,N/A,N/A
HTTPS echo service,4G,200,10240,1000,HTTP Request,119880,0,0,199.51,1002.01,0.54,1000,1028,1003,1003,1003,1003,1003,1003,2014.17,2028.98,99.98,4041.5,49.015,0,99.98,4041.5,49.015,0,99.96,2048,5487,0,N/A,N/A,N/A,N/A,N/A,N/A,N/A,N/A,0.00,0.03,0.38,0.00,0.03,0.38,0.03,0.33,5.87,N/A,N/A,N/A,N/A,N/A,N/A
HTTPS echo service,4G,300,50,0,HTTP Request,37043235,0,0,61732.76,4.36,4.77,0,286,5,6,6,11,18,83,8741.45,13323.18,99.9,4095.5,57.57,0,99.9,4095.5,57.57,0,99.9,2048,,,97.26,4096,14.2,3475.43,97.19,4096,19.75,11.243,3.70,3.97,3.00,3.70,3.97,3.00,0.39,0.51,0.37,137.62,125.74,83.12,141.83,127.97,85.02
HTTPS echo service,4G,300,50,30,HTTP Request,5909550,0,0,9848.27,30.41,2.73,30,269,31,31,31,31,31,86,1394.53,2125.46,99.96,4052,57.816,0,99.96,4052,57.816,0,99.98,2048,,,99.52,4096,16.55,6878.735,99.55,4096,14.2,3475.43,0.10,0.39,1.04,0.10,0.39,1.04,0.11,0.11,0.23,0.81,2.97,23.35,1.53,3.12,23.80
HTTPS echo service,4G,300,50,500,HTTP Request,359700,0,0,598.99,501.04,1.26,500,583,501,501,501,501,501,503,84.82,129.27,99.98,3925.5,70.839,0,99.98,3925.5,70.839,0,99.99,2048,,,99.95,4096,10.853,1371.08,99.95,4096,11.6,289.207,0.00,0.04,0.40,0.00,0.04,0.40,0.00,0.00,0.07,0.00,0.14,8.31,0.00,0.14,8.52
HTTPS echo service,4G,300,50,1000,HTTP Request,179912,0,0,299.37,1002.01,0.66,1000,1058,1003,1003,1003,1003,1003,1003,42.39,64.61,99.98,3925.5,72.625,0,99.98,3925.5,72.625,0,99.99,2048,,,99.97,4096,12.05,362.039,99.97,4096,11.55,362.039,0.06,0.06,0.16,0.06,0.06,0.16,0.00,0.00,0.00,0.01,0.08,2.98,0.31,0.10,3.04
HTTPS echo service,4G,300,1024,0,HTTP Request,29219979,0,0,48696.8,5.81,7.88,0,314,6,10,16,28,40,91,53309.68,56923.9,99.86,4095.5,57.254,0,99.86,4095.5,57.254,0,99.92,2048,,,97.72,4096,15.15,4851.46,97.8,4096,14.1,3331.18,94.52,79.54,49.22,94.52,79.54,49.22,0.34,0.44,0.30,118.11,116.52,75.85,35.50,34.94,23.82
HTTPS echo service,4G,300,1024,30,HTTP Request,5901459,0,0,9834.72,30.45,2.66,30,236,31,31,31,31,31,86,10766.32,11496.25,99.95,4090.5,57.822,0,99.95,4090.5,57.822,0,99.98,2048,,,99.52,4096,15.45,5285.623,99.53,4096,15.95,6009.701,1.13,2.77,15.35,1.13,2.77,15.35,0.05,0.13,0.23,0.54,2.98,21.82,0.56,1.44,7.14
HTTPS echo service,4G,300,1024,500,HTTP Request,359635,0,0,598.92,501.05,1.35,500,578,501,501,501,501,503,505,655.65,700.1,99.98,4029.5,64.131,0,99.98,4029.5,64.131,0,99.99,2048,,,99.95,4096,11.25,796.202,99.95,4096,11.25,796.202,0.28,0.27,5.19,0.28,0.27,5.19,0.00,0.00,0.06,0.96,0.33,7.82,0.08,0.08,2.55
HTTPS echo service,4G,300,1024,1000,HTTP Request,179924,0,0,299.37,1002.01,0.61,1000,1063,1003,1003,1003,1003,1003,1003,327.72,349.94,99.98,3925.5,70.914,0,99.98,3925.5,70.914,0,99.99,2048,,,99.96,4096,11.05,1086.116,99.97,4096,11.7,144.957,0.00,0.02,1.96,0.00,0.02,1.96,0.00,0.00,0.00,0.00,0.03,2.99,0.03,0.09,0.94
HTTPS echo service,4G,300,10240,0,HTTP Request,9541711,0,0,15901.02,18.81,13.15,0,684,20,21,23,40,64,190,160532.01,161712.16,99.87,4095.5,58.023,0,99.87,4095.5,58.023,0,99.97,2048,,,99.19,4096,14.65,4127.382,99.22,4096,14.75,4272.339,283.36,264.86,166.30,283.36,264.86,166.30,0.14,0.12,0.09,2.72,2.84,3.12,2.53,2.58,2.12
HTTPS echo service,4G,300,10240,30,HTTP Request,5831423,0,0,9717.55,30.82,2.24,30,107,31,31,31,31,32,73,98105.48,98826.71,99.89,4095,58.632,0,99.89,4095,58.632,0,99.98,2048,,,99.5,4096,15.55,5430.58,99.52,4096,16.75,7168.649,3.19,13.28,61.32,3.19,13.28,61.32,0.15,0.14,0.11,2.20,1.72,2.01,1.82,1.59,1.70
HTTPS echo service,4G,300,10240,500,HTTP Request,359421,0,0,598.5,501.06,1.05,500,551,501,501,501,501,503,515,6042.29,6086.71,99.97,4043.5,58.624,0,99.97,4043.5,58.624,0,99.99,2048,,,99.94,4096,14.75,4272.339,99.94,4096,15,4634.378,0.04,0.65,21.87,0.04,0.65,21.87,0.07,0.02,0.04,0.02,0.11,0.73,0.07,0.14,0.64
HTTPS echo service,4G,300,10240,1000,HTTP Request,179861,0,0,299.25,1002.03,0.89,1000,1046,1003,1003,1003,1003,1003,1011,3021.17,3043.38,99.98,4036.5,62.912,0,99.98,4036.5,62.912,0,99.99,2048,,,99.96,4096,13.1,1883.025,99.96,4096,13.15,1955.15,0.29,0.26,7.90,0.29,0.26,7.90,0.00,0.00,0.00,0.13,0.10,0.30,0.00,0.00,0.21
HTTPS echo service,4G,500,50,0,HTTP Request,36003410,0,0,60000.18,7.5,8.61,0,489,8,9,11,26,45,107,8496.12,12949.26,99.85,4095.5,65.369,0,99.85,4095.5,65.369,0,99.9,2048,,,97.32,4096,15.5,5358.455,97.29,4096,18.85,10209.915,4.27,4.60,5.89,4.27,4.60,5.89,0.46,0.47,0.28,170.25,193.19,128.08,192.62,198.61,130.99
HTTPS echo service,4G,500,50,30,HTTP Request,9822139,0,0,16368.79,30.5,3.8,30,323,31,31,31,31,31,104,2317.85,3532.72,99.94,4087.5,67.049,0,99.94,4087.5,67.049,0,99.97,2048,,,99.19,4096,22.4,14.991,99.22,4096,21.1,13.153,1.55,1.17,2.20,1.55,1.17,2.20,0.11,0.20,0.28,1.21,4.76,36.24,1.43,4.93,36.85
HTTPS echo service,4G,500,50,500,HTTP Request,599436,0,0,998.29,501.03,1.14,500,577,501,501,501,501,501,503,141.36,215.45,99.97,3990,73.246,0,99.97,3990,73.246,0,99.99,2048,,,99.9,4096,20.15,11.809,99.9,4096,20.15,11.809,0.00,0.05,0.79,0.00,0.05,0.79,0.04,0.02,0.09,0.00,0.19,12.88,0.00,0.19,12.36
HTTPS echo service,4G,500,50,1000,HTTP Request,299878,0,0,498.98,1002.01,0.81,1000,1080,1003,1003,1003,1003,1003,1003,70.66,107.69,99.98,3925.5,78.483,0,99.98,3925.5,78.483,0,99.99,2048,,,99.92,4096,20.25,11.95,99.92,4096,20.6,12.445,0.00,0.00,0.27,0.00,0.00,0.27,0.01,0.00,0.01,0.09,0.08,4.59,0.00,0.02,4.69
HTTPS echo service,4G,500,1024,0,HTTP Request,28340633,0,0,47231.63,10.04,13.76,0,529,11,16,27,51,76,151,51705.72,55211.2,99.81,4095.5,72.453,0,99.81,4095.5,72.453,0,99.92,2048,,,97.75,4096,21.85,14.213,97.8,4096,19.65,11.102,145.09,136.04,87.25,145.09,136.04,87.25,0.56,0.39,0.22,193.29,182.01,117.54,60.66,47.36,33.50
HTTPS echo service,4G,500,1024,30,HTTP Request,9800383,0,0,16332.18,30.56,3.72,30,235,31,31,31,31,31,100,17879.27,19091.42,99.91,4095,73.162,0,99.91,4095,73.162,0,99.97,2048,,,99.2,4096,19.2,10.465,99.22,4096,20.75,12.657,1.91,5.32,27.74,1.91,5.32,27.74,0.34,0.25,0.26,1.08,5.42,36.55,1.11,2.44,10.93
HTTPS echo service,4G,500,1024,500,HTTP Request,599414,0,0,998.14,501.06,1.45,500,572,501,501,501,501,501,509,1092.69,1166.77,99.97,4004.5,80.622,0,99.97,4004.5,80.622,0,99.99,2048,,,99.92,4096,16.05,6154.657,99.93,4096,16,6082.533,0.00,0.31,9.92,0.00,0.31,9.92,0.00,0.02,0.09,0.08,0.32,13.03,0.14,0.25,3.75
HTTPS echo service,4G,500,1024,1000,HTTP Request,299880,0,0,498.94,1002.01,0.8,1000,1073,1003,1003,1003,1003,1003,1003,546.2,583.23,99.97,3994,76.127,0,99.97,3994,76.127,0,99.99,2048,,,99.91,4096,21.35,13.506,99.92,4096,21.4,13.577,0.00,0.03,3.52,0.00,0.03,3.52,0.00,0.00,0.02,0.00,0.03,4.63,0.00,0.02,1.42
HTTPS echo service,4G,500,10240,0,HTTP Request,9349277,0,0,15579.01,32.04,29.86,0,1311,33,37,46,89,134,433,157281.09,158437.34,99.8,4095.5,73.231,0,99.8,4095.5,73.231,0,99.97,2048,,,99.17,4096,16.5,6806.61,99.2,4096,16.25,6444.571,414.44,421.41,268.88,414.44,421.41,268.88,0.15,0.13,0.07,11.97,5.10,4.27,2.90,2.47,2.12
HTTPS echo service,4G,500,10240,30,HTTP Request,8379273,0,0,13964.15,35.75,8.71,30,304,37,43,50,65,76,110,140977.93,142014.33,99.77,4095,73.699,0,99.77,4095,73.699,0,99.97,2048,,,99.27,4096,16.35,6589.528,99.29,4096,17.85,8761.76,63.67,80.54,135.29,63.67,80.54,135.29,0.14,0.13,0.09,2.24,2.42,3.11,1.91,2.26,2.21
HTTPS echo service,4G,500,10240,500,HTTP Request,599019,0,0,997.58,501.07,1.23,500,706,501,501,501,501,503,519,10071.29,10145.33,99.94,3989.5,75.354,0,99.94,3989.5,75.354,0,99.99,2048,,,99.9,4096,18.35,9485.837,99.9,4096,18.95,10.111,0.17,3.48,48.24,0.17,3.48,48.24,0.00,0.00,0.03,0.41,0.31,1.19,0.11,0.21,0.85
HTTPS echo service,4G,500,10240,1000,HTTP Request,299749,0,0,498.79,1002.03,0.91,1000,1046,1003,1003,1003,1003,1003,1015,5035.66,5072.67,99.96,4003.5,81.581,0,99.96,4003.5,81.581,0,99.99,2048,,,99.94,4096,16.25,6444.571,99.95,4096,16.3,6516.696,0.00,0.16,17.24,0.00,0.16,17.24,0.00,0.00,0.00,0.01,0.06,0.44,0.00,0.00,0.28
HTTPS echo service,4G,1000,50,0,HTTP Request,33906483,0,0,56503.93,15.95,19.48,0,855,17,20,36,73,109,221,8001.04,12194.7,99.75,4095.5,110.416,0,99.75,4095.5,110.416,0,99.9,2048,,,97.38,4096,23.45,16.475,97.39,4096,27.6,22.345,4.86,5.42,9.63,4.86,5.42,9.63,0.33,0.45,0.31,353.30,369.82,243.35,402.10,385.75,248.49
HTTPS echo service,4G,1000,50,30,HTTP Request,19387764,0,0,32306.16,30.89,6.32,30,270,31,31,31,31,32,121,4574.6,6972.32,99.82,4094,110.021,0,99.82,4094,110.021,0,99.95,2048,,,98.42,4096,26.1,20.224,98.49,4096,22.3,14.849,4.32,3.52,4.85,4.32,3.52,4.85,0.27,0.30,0.37,3.37,9.99,68.85,2.79,9.64,69.97
HTTPS echo service,4G,1000,50,500,HTTP Request,1198612,0,0,1996,501.13,2.61,500,593,501,501,501,501,503,543,282.64,430.78,99.94,3925.5,115.621,0,99.94,3925.5,115.621,0,99.99,2048,,,99.83,4096,27.55,22.274,99.85,4096,24.9,18.526,0.00,0.17,1.66,0.00,0.17,1.66,0.00,0.01,0.14,0.12,0.64,23.29,0.04,0.47,23.41
HTTPS echo service,4G,1000,50,1000,HTTP Request,599703,0,0,997.81,1002.04,1.47,1000,1080,1003,1003,1003,1003,1003,1011,141.29,215.35,99.96,3925.5,118.799,0,99.96,3925.5,118.799,0,99.99,2048,,,99.9,4096,24.05,17.324,99.91,4096,23.3,16.263,0.03,0.05,0.61,0.03,0.05,0.61,0.00,0.00,0.05,0.00,0.06,8.31,0.00,0.05,8.39
HTTPS echo service,4G,1000,1024,0,HTTP Request,26803303,0,0,44664.95,21.49,33.71,0,1128,24,36,65,123,169,389,48895.91,52210.88,99.66,4095.5,108.416,0,99.66,4095.5,108.416,0,99.92,2048,,,97.77,4096,21.35,13.506,97.85,4096,22.6,15.274,411.77,396.60,239.57,411.77,396.60,239.57,0.46,0.43,0.29,327.00,297.57,183.96,36.87,53.88,46.31
HTTPS echo service,4G,1000,1024,30,HTTP Request,19235254,0,0,32054.22,31.12,6.46,30,236,31,31,31,32,51,119,35090.6,37469.63,99.72,4094,101.884,0,99.72,4094,101.884,0,99.95,2048,,,98.41,4096,23.55,16.617,98.44,4096,26.85,21.284,7.32,20.77,87.67,7.32,20.77,87.67,0.23,0.29,0.33,3.83,13.27,65.78,3.88,5.13,17.69
HTTPS echo service,4G,1000,1024,500,HTTP Request,1198413,0,0,1995.98,501.12,2.46,500,589,501,501,501,501,501,547,2185.06,2333.2,99.91,3925.5,111.176,0,99.91,3925.5,111.176,0,99.99,2048,,,99.87,4096,18.95,10.111,99.86,4096,22.85,15.627,0.62,1.12,29.60,0.62,1.12,29.60,0.00,0.02,0.12,0.04,0.68,22.10,0.03,0.38,6.11
HTTPS echo service,4G,1000,1024,1000,HTTP Request,599648,0,0,997.86,1002.05,1.46,1000,1076,1003,1003,1003,1003,1003,1031,1092.39,1166.45,99.94,3925.5,111.536,0,99.94,3925.5,111.536,0,99.99,2048,,,99.88,4096,27.2,21.779,99.89,4096,27,21.496,0.01,0.08,10.54,0.01,0.08,10.54,0.00,0.02,0.03,0.02,0.11,7.92,0.02,0.09,2.22
HTTPS echo service,4G,1000,10240,0,HTTP Request,8958609,0,0,14927.83,66.92,90.88,0,2577,72,91,158,299,475,1119,150706.94,151814.87,99.67,4095.5,102.443,0,99.67,4095.5,102.443,0,99.97,2048,,,99.12,4096,22.65,15.344,99.15,4096,23.2,16.122,848.99,777.31,482.04,848.99,777.31,482.04,0.12,0.10,0.08,3.74,4.17,5.79,2.65,2.69,2.64
HTTPS echo service,4G,1000,10240,30,HTTP Request,8109505,0,0,13514.22,73.93,33.94,30,1658,80,91,107,151,196,487,136435.55,137438.56,99.63,4095,109.654,0,99.63,4095,109.654,0,99.97,2048,,,99.18,4096,23.75,16.9,99.23,4096,22.9,15.698,524.53,531.29,487.65,524.53,531.29,487.65,0.14,0.12,0.09,2.20,2.59,3.65,2.93,3.15,2.84
HTTPS echo service,4G,1000,10240,500,HTTP Request,1197882,0,0,1994.81,501.13,1.9,500,710,501,501,501,503,503,543,20139.05,20287.11,99.91,4080.5,104.692,0,99.91,4080.5,104.692,0,99.99,2048,,,99.85,4096,21.45,13.647,99.85,4096,23.75,16.9,0.38,20.22,169.89,0.38,20.22,169.89,0.02,0.03,0.05,0.27,0.37,1.41,0.09,0.45,1.22
HTTPS echo service,4G,1000,10240,1000,HTTP Request,599400,0,0,997.37,1002.07,1.69,1000,1059,1003,1003,1003,1003,1003,1047,10069.13,10143.15,99.9,3925.5,112.574,0,99.9,3925.5,112.574,0,99.99,2048,,,99.9,4096,22.85,15.627,99.9,4096,23.05,15.91,0.06,1.19,64.87,0.06,1.19,64.87,0.00,0.00,0.00,1.07,0.35,0.64,0.00,0.02,0.44
HTTP echo service,4G,50,50,0,HTTP Request,24235789,0,0,40396.68,1.2,1.8,0,207,1,2,2,2,2,40,5720.23,8718.43,99.98,4095,,,99.98,4095,,,96.45,2048,5502,0,N/A,N/A,N/A,N/A,N/A,N/A,N/A,N/A,0.89,0.94,0.63,0.89,0.94,0.63,40.86,40.44,25.91,N/A,N/A,N/A,N/A,N/A,N/A
HTTP echo service,4G,50,50,30,HTTP Request,986297,0,0,1644.03,30.38,1.2,30,79,31,31,31,31,31,39,232.8,354.82,100,3925.5,,,100,3925.5,,,99.85,2048,5486,0,N/A,N/A,N/A,N/A,N/A,N/A,N/A,N/A,0.01,0.14,0.31,0.01,0.14,0.31,0.47,1.82,9.47,N/A,N/A,N/A,N/A,N/A,N/A
HTTP echo service,4G,50,50,500,HTTP Request,59894,0,0,99.79,501.04,1.73,500,655,501,501,501,501,501,507,14.13,21.54,0,3925.5,,,0,3925.5,,,99.98,2048,5486,0,N/A,N/A,N/A,N/A,N/A,N/A,N/A,N/A,0.00,0.00,0.09,0.00,0.00,0.09,0.04,0.19,3.65,N/A,N/A,N/A,N/A,N/A,N/A
HTTP echo service,4G,50,50,1000,HTTP Request,29980,0,0,49.91,1002,0.3,1000,1030,1003,1003,1003,1003,1003,1003,7.07,10.77,0,3925.5,,,0,3925.5,,,99.99,2048,5487,0,N/A,N/A,N/A,N/A,N/A,N/A,N/A,N/A,0.00,0.00,0.01,0.00,0.00,0.01,0.00,0.00,1.36,N/A,N/A,N/A,N/A,N/A,N/A
HTTP echo service,4G,50,1024,0,HTTP Request,21246501,0,0,35414.44,1.37,1.85,0,141,2,2,2,2,2,40,38769.12,41397.54,99.98,4094.5,,,99.98,4094.5,,,96.89,2048,5486,0,N/A,N/A,N/A,N/A,N/A,N/A,N/A,N/A,1.94,1.45,0.90,1.94,1.45,0.90,45.25,42.20,26.99,N/A,N/A,N/A,N/A,N/A,N/A
HTTP echo service,4G,50,1024,30,HTTP Request,983823,0,0,1639.92,30.44,1.15,30,80,31,31,31,31,31,41,1795.26,1916.98,100,3925.5,,,100,3925.5,,,99.84,2048,5487,0,N/A,N/A,N/A,N/A,N/A,N/A,N/A,N/A,0.00,0.09,0.34,0.00,0.09,0.34,0.21,2.00,9.90,N/A,N/A,N/A,N/A,N/A,N/A
HTTP echo service,4G,50,1024,500,HTTP Request,59929,0,0,99.82,501.01,0.48,500,538,501,501,501,501,501,501,109.28,116.69,0,3925.5,,,0,3925.5,,,99.98,2048,5486,0,N/A,N/A,N/A,N/A,N/A,N/A,N/A,N/A,0.00,0.02,0.13,0.00,0.02,0.13,0.00,0.10,3.76,N/A,N/A,N/A,N/A,N/A,N/A
HTTP echo service,4G,50,1024,1000,HTTP Request,29980,0,0,49.9,1002,0.17,1000,1029,1003,1003,1003,1003,1003,1003,54.63,58.34,0,3925.5,,,0,3925.5,,,99.99,2048,5487,0,N/A,N/A,N/A,N/A,N/A,N/A,N/A,N/A,0.00,0.00,0.03,0.00,0.00,0.03,0.21,0.05,1.43,N/A,N/A,N/A,N/A,N/A,N/A
HTTP echo service,4G,50,10240,0,HTTP Request,15953636,0,0,26591.74,1.82,1.94,0,212,2,2,2,3,3,38,268462.34,270435.94,99.99,4092.5,,,99.99,4092.5,,,97.47,2048,5487,0,N/A,N/A,N/A,N/A,N/A,N/A,N/A,N/A,1.51,1.29,0.88,1.51,1.29,0.88,43.20,41.54,26.66,N/A,N/A,N/A,N/A,N/A,N/A
HTTP echo service,4G,50,10240,30,HTTP Request,982885,0,0,1638.28,30.47,1.03,30,72,31,31,31,31,31,37,16539.6,16661.19,99.99,3925.5,,,99.99,3925.5,,,99.84,2048,5487,0,N/A,N/A,N/A,N/A,N/A,N/A,N/A,N/A,0.11,0.16,0.38,0.11,0.16,0.38,0.13,2.30,10.62,N/A,N/A,N/A,N/A,N/A,N/A
HTTP echo service,4G,50,10240,500,HTTP Request,59920,0,0,99.81,501.01,0.48,500,535,501,501,501,501,501,503,1007.61,1015.02,0,3925.5,,,0,3925.5,,,99.98,2048,5486,0,N/A,N/A,N/A,N/A,N/A,N/A,N/A,N/A,0.00,0.01,0.13,0.00,0.01,0.13,0.09,0.18,3.80,N/A,N/A,N/A,N/A,N/A,N/A
HTTP echo service,4G,50,10240,1000,HTTP Request,29970,0,0,49.91,1002.01,0.48,1000,1026,1003,1003,1003,1003,1003,1003,503.83,507.53,0,3925.5,,,0,3925.5,,,99.98,2048,5486,0,N/A,N/A,N/A,N/A,N/A,N/A,N/A,N/A,0.00,0.00,0.04,0.00,0.00,0.04,0.00,0.00,1.42,N/A,N/A,N/A,N/A,N/A,N/A
HTTP echo service,4G,100,50,0,HTTP Request,23453697,0,0,39092.23,2.44,3.5,0,233,3,3,3,4,6,61,5535.52,8436.9,99.98,4094.5,,,99.98,4094.5,,,96.33,2048,5486,0,N/A,N/A,N/A,N/A,N/A,N/A,N/A,N/A,1.21,1.05,0.67,1.21,1.05,0.67,83.09,80.73,52.30,N/A,N/A,N/A,N/A,N/A,N/A
HTTP echo service,4G,100,50,30,HTTP Request,1966202,0,0,3277.32,30.47,1.88,30,87,31,31,31,31,31,73,464.07,707.31,99.99,4060.5,,,99.99,4060.5,,,99.7,2048,5487,0,N/A,N/A,N/A,N/A,N/A,N/A,N/A,N/A,0.04,0.16,0.32,0.04,0.16,0.32,0.63,3.49,18.66,N/A,N/A,N/A,N/A,N/A,N/A
HTTP echo service,4G,100,50,500,HTTP Request,119900,0,0,199.77,501.07,1.38,500,546,501,501,501,501,503,535,28.29,43.11,0,3925.5,,,0,3925.5,,,99.97,2048,5486,0,N/A,N/A,N/A,N/A,N/A,N/A,N/A,N/A,0.00,0.00,0.09,0.00,0.00,0.09,0.00,0.16,7.09,N/A,N/A,N/A,N/A,N/A,N/A
HTTP echo service,4G,100,50,1000,HTTP Request,59948,0,0,99.79,1002.03,2.36,1000,1192,1003,1003,1003,1003,1003,1003,14.13,21.54,0,3925.5,,,0,3925.5,,,99.98,2048,6047,0,N/A,N/A,N/A,N/A,N/A,N/A,N/A,N/A,0.00,0.00,0.02,0.00,0.00,0.02,0.00,0.00,2.66,N/A,N/A,N/A,N/A,N/A,N/A
HTTP echo service,4G,100,1024,0,HTTP Request,20596383,0,0,34330.68,2.79,3.57,0,214,3,3,4,5,7,60,37582.71,40130.69,99.98,4094,,,99.98,4094,,,96.95,2048,5487,0,N/A,N/A,N/A,N/A,N/A,N/A,N/A,N/A,1.42,1.29,0.83,1.42,1.29,0.83,87.28,84.27,54.12,N/A,N/A,N/A,N/A,N/A,N/A
HTTP echo service,4G,100,1024,30,HTTP Request,1969746,0,0,3283.24,30.42,1.83,30,83,31,31,31,31,31,71,3594.25,3837.93,99.99,4060.5,,,99.99,4060.5,,,99.7,2048,5486,0,N/A,N/A,N/A,N/A,N/A,N/A,N/A,N/A,0.09,0.23,0.40,0.09,0.23,0.40,0.66,3.95,20.03,N/A,N/A,N/A,N/A,N/A,N/A
HTTP echo service,4G,100,1024,500,HTTP Request,119840,0,0,199.67,501.02,0.78,500,547,501,501,501,501,501,503,218.58,233.4,0,3925.5,,,0,3925.5,,,99.97,2048,5486,0,N/A,N/A,N/A,N/A,N/A,N/A,N/A,N/A,0.00,0.00,0.13,0.00,0.00,0.13,0.00,0.20,7.60,N/A,N/A,N/A,N/A,N/A,N/A
HTTP echo service,4G,100,1024,1000,HTTP Request,60000,0,0,99.86,1002,0.25,1000,1041,1003,1003,1003,1003,1003,1003,109.32,116.73,0,3925.5,,,0,3925.5,,,99.98,2048,5486,0,N/A,N/A,N/A,N/A,N/A,N/A,N/A,N/A,0.00,0.00,0.03,0.00,0.00,0.03,0.00,0.03,2.88,N/A,N/A,N/A,N/A,N/A,N/A
HTTP echo service,4G,100,10240,0,HTTP Request,15303923,0,0,25509.26,3.77,4.28,0,250,4,5,5,6,9,71,257533.91,259427.17,99.98,4089.5,,,99.98,4089.5,,,97.63,2048,5487,0,N/A,N/A,N/A,N/A,N/A,N/A,N/A,N/A,1.77,1.52,0.99,1.77,1.52,0.99,81.79,82.62,53.73,N/A,N/A,N/A,N/A,N/A,N/A
HTTP echo service,4G,100,10240,30,HTTP Request,1968982,0,0,3281.86,30.43,1.49,30,73,31,31,31,31,31,62,33132.69,33376.27,99.99,4060.5,,,99.99,4060.5,,,99.69,2048,5486,0,N/A,N/A,N/A,N/A,N/A,N/A,N/A,N/A,0.48,0.38,0.54,0.48,0.38,0.54,1.22,5.38,21.68,N/A,N/A,N/A,N/A,N/A,N/A
HTTP echo service,4G,100,10240,500,HTTP Request,119862,0,0,199.64,501.01,0.56,500,534,501,501,501,501,501,503,2015.46,2030.27,0,3925.5,,,0,3925.5,,,99.97,2048,5487,0,N/A,N/A,N/A,N/A,N/A,N/A,N/A,N/A,0.00,0.00,0.17,0.00,0.00,0.17,0.00,0.27,7.76,N/A,N/A,N/A,N/A,N/A,N/A
HTTP echo service,4G,100,10240,1000,HTTP Request,59960,0,0,99.8,1002.02,0.76,1000,1036,1003,1003,1003,1003,1003,1003,1007.59,1015,0,3925.5,,,0,3925.5,,,99.98,2048,5488,0,N/A,N/A,N/A,N/A,N/A,N/A,N/A,N/A,0.00,0.00,0.05,0.00,0.00,0.05,0.02,0.07,2.96,N/A,N/A,N/A,N/A,N/A,N/A
HTTP echo service,4G,200,50,0,HTTP Request,23815056,0,0,39695.07,4.54,8.15,0,442,5,6,7,12,30,128,5620.88,8567,99.97,4094,,,99.97,4094,,,96.42,2048,5486,0,N/A,N/A,N/A,N/A,N/A,N/A,N/A,N/A,0.93,0.99,0.66,0.93,0.99,0.66,174.10,157.92,100.35,N/A,N/A,N/A,N/A,N/A,N/A
HTTP echo service,4G,200,50,30,HTTP Request,3935954,0,0,6561.6,30.44,2.25,30,266,31,31,31,31,31,75,929.13,1416.13,99.98,4019.5,,,99.98,4019.5,,,99.41,2048,5485,0,N/A,N/A,N/A,N/A,N/A,N/A,N/A,N/A,0.44,0.40,0.43,0.44,0.40,0.43,3.52,7.80,36.36,N/A,N/A,N/A,N/A,N/A,N/A
HTTP echo service,4G,200,50,500,HTTP Request,239726,0,0,399.33,501.02,0.79,500,542,501,501,501,501,501,503,56.55,86.18,99.99,3925.5,,,99.99,3925.5,,,99.95,2048,5486,0,N/A,N/A,N/A,N/A,N/A,N/A,N/A,N/A,0.01,0.06,0.17,0.01,0.06,0.17,0.00,0.40,13.81,N/A,N/A,N/A,N/A,N/A,N/A
HTTP echo service,4G,200,50,1000,HTTP Request,119933,0,0,199.59,1002.01,0.45,1000,1043,1003,1003,1003,1003,1003,1003,28.26,43.08,0,3925.5,,,0,3925.5,,,99.97,2048,5486,0,N/A,N/A,N/A,N/A,N/A,N/A,N/A,N/A,0.00,0.02,0.07,0.00,0.02,0.07,0.00,0.02,5.25,N/A,N/A,N/A,N/A,N/A,N/A
HTTP echo service,4G,200,1024,0,HTTP Request,19683118,0,0,32807.6,5.61,8.24,0,422,6,7,8,14,31,127,35915.35,38350.29,99.97,4091.5,,,99.97,4091.5,,,96.99,2048,5486,0,N/A,N/A,N/A,N/A,N/A,N/A,N/A,N/A,1.56,1.34,0.88,1.56,1.34,0.88,153.12,145.60,98.20,N/A,N/A,N/A,N/A,N/A,N/A
HTTP echo service,4G,200,1024,30,HTTP Request,3931618,0,0,6553.19,30.46,2.38,30,90,31,31,31,31,31,76,7173.95,7660.32,99.98,4019.5,,,99.98,4019.5,,,99.4,2048,5487,0,N/A,N/A,N/A,N/A,N/A,N/A,N/A,N/A,0.76,0.57,0.57,0.76,0.57,0.57,0.57,7.02,37.64,N/A,N/A,N/A,N/A,N/A,N/A
HTTP echo service,4G,200,1024,500,HTTP Request,239719,0,0,399.33,501.02,0.67,500,542,501,501,501,501,501,503,437.15,466.79,99.99,3925.5,,,99.99,3925.5,,,99.95,2048,5486,0,N/A,N/A,N/A,N/A,N/A,N/A,N/A,N/A,0.00,0.02,0.20,0.00,0.02,0.20,0.72,0.60,14.38,N/A,N/A,N/A,N/A,N/A,N/A
HTTP echo service,4G,200,1024,1000,HTTP Request,119920,0,0,199.59,1002,0.45,1000,1042,1003,1003,1003,1003,1003,1003,218.5,233.31,0,3925.5,,,0,3925.5,,,99.97,2048,5485,0,N/A,N/A,N/A,N/A,N/A,N/A,N/A,N/A,0.05,0.02,0.07,0.05,0.02,0.07,0.00,0.05,5.13,N/A,N/A,N/A,N/A,N/A,N/A
HTTP echo service,4G,200,10240,0,HTTP Request,14348366,0,0,23915.62,7.68,10.72,0,460,9,10,11,19,40,170,241444.97,243219.96,99.97,4084.5,,,99.97,4084.5,,,97.72,2048,5487,0,N/A,N/A,N/A,N/A,N/A,N/A,N/A,N/A,1.38,1.40,0.99,1.38,1.40,0.99,174.06,160.28,104.44,N/A,N/A,N/A,N/A,N/A,N/A
HTTP echo service,4G,200,10240,30,HTTP Request,3931278,0,0,6552.5,30.48,1.99,30,243,31,31,31,31,31,64,66152.11,66638.43,99.98,4019.5,,,99.98,4019.5,,,99.36,2048,5486,0,N/A,N/A,N/A,N/A,N/A,N/A,N/A,N/A,0.72,0.56,0.69,0.72,0.56,0.69,0.72,7.69,38.47,N/A,N/A,N/A,N/A,N/A,N/A
HTTP echo service,4G,200,10240,500,HTTP Request,239680,0,0,399.31,501.04,0.94,500,538,501,501,501,501,501,509,4031.31,4060.95,99.99,3925.5,,,99.99,3925.5,,,99.95,2048,5486,0,N/A,N/A,N/A,N/A,N/A,N/A,N/A,N/A,0.00,0.06,0.27,0.00,0.06,0.27,0.01,0.48,14.66,N/A,N/A,N/A,N/A,N/A,N/A
HTTP echo service,4G,200,10240,1000,HTTP Request,119920,0,0,199.58,1002.01,0.4,1000,1034,1003,1003,1003,1003,1003,1003,2014.87,2029.68,0,3925.5,,,0,3925.5,,,99.97,2048,5485,0,N/A,N/A,N/A,N/A,N/A,N/A,N/A,N/A,0.01,0.02,0.10,0.01,0.02,0.10,0.00,0.03,5.58,N/A,N/A,N/A,N/A,N/A,N/A
HTTP echo service,4G,300,50,0,HTTP Request,45478881,0,0,75787.4,3.44,3.88,0,260,4,5,5,6,9,80,10731.61,16356.46,99.94,4095.5,,,99.94,4095.5,,,99.88,2048,,,96.68,4096,16.85,7313.605,96.74,4096,14.5,3910.3,2.57,2.60,1.72,2.57,2.60,1.72,0.58,0.55,0.43,137.76,127.11,81.47,136.89,127.41,81.90
HTTP echo service,4G,300,50,30,HTTP Request,5919558,0,0,9865.12,30.37,2.7,30,270,31,31,31,31,31,87,1396.92,2129.09,99.97,3995,,,99.97,3995,,,99.98,2048,,,99.55,4096,10027.5,2906.916,99.57,4096,10.224,2281.834,0.29,0.55,0.78,0.29,0.55,0.78,0.43,0.27,0.36,0.63,2.15,20.16,0.82,2.31,20.34
HTTP echo service,4G,300,50,500,HTTP Request,359684,0,0,599.01,501.02,0.83,500,566,501,501,501,501,501,501,84.82,129.28,99.99,3925.5,,,99.99,3925.5,,,99.99,2048,,,99.91,4096,16.05,6154.657,99.92,4096,15.7,5647.662,0.00,0.01,0.25,0.00,0.01,0.25,0.00,0.00,0.12,0.37,0.17,7.18,0.00,0.09,7.22
HTTP echo service,4G,300,50,1000,HTTP Request,179886,0,0,299.39,1002.01,0.78,1000,1050,1003,1003,1003,1003,1003,1003,42.39,64.61,99.99,3925.5,,,99.99,3925.5,,,99.99,2048,,,99.96,4096,10.335,2120.613,99.96,4096,10043,2884.996,0.01,0.02,0.08,0.01,0.02,0.08,0.00,0.00,0.03,0.00,0.02,2.54,0.00,0.02,2.57
HTTP echo service,4G,300,1024,0,HTTP Request,39056752,0,0,65088.62,4.05,4.09,0,404,4,5,6,7,10,80,71254.24,76085.04,99.94,4095.5,,,99.94,4095.5,,,99.89,2048,,,97.17,4096,10.076,2496.794,97.19,4096,10.882,1328.654,3.10,3.24,2.30,3.10,3.24,2.30,0.52,0.53,0.38,141.52,132.70,85.47,134.24,128.10,84.03
HTTP echo service,4G,300,1024,30,HTTP Request,5921166,0,0,9867.62,30.36,2.63,30,115,30,31,31,31,31,85,10802.35,11534.71,99.98,3995.5,,,99.98,3995.5,,,99.98,2048,,,99.51,4096,16,6082.533,99.53,4096,16.45,6733.778,0.78,0.59,0.90,0.78,0.59,0.90,0.06,0.08,0.24,0.65,2.57,22.55,0.28,2.37,22.11
HTTP echo service,4G,300,1024,500,HTTP Request,359746,0,0,599.1,501.01,0.6,500,576,501,501,501,501,501,501,655.85,700.32,99.99,3925.5,,,99.99,3925.5,,,99.99,2048,,,99.91,4096,16.4,6661.653,99.91,4096,16,6082.533,0.00,0.06,0.34,0.00,0.06,0.34,0.00,0.00,0.07,0.03,0.12,8.06,0.75,0.32,7.94
HTTP echo service,4G,300,1024,1000,HTTP Request,179913,0,0,299.36,1002.01,0.57,1000,1052,1003,1003,1003,1003,1003,1003,327.71,349.93,99.99,3925.5,,,99.99,3925.5,,,99.99,2048,,,99.96,4096,10.021,2575.99,99.96,4096,10.159,2375.879,0.04,0.04,0.13,0.04,0.04,0.13,0.00,0.00,0.00,0.00,0.02,2.86,0.00,0.00,2.80
HTTP echo service,4G,300,10240,0,HTTP Request,29990785,0,0,49980.48,5.4,4.62,0,290,6,7,7,9,12,80,504588.05,508297.54,99.94,4095.5,,,99.94,4095.5,,,99.91,2048,,,97.76,4096,12.1,434.871,97.77,4096,11.65,217.082,6.52,5.81,3.78,6.52,5.81,3.78,0.37,0.46,0.34,126.27,128.02,84.15,134.27,128.46,84.33
HTTP echo service,4G,300,10240,30,HTTP Request,5902059,0,0,9835.42,30.45,2.52,30,465,31,31,31,31,31,84,99295.49,100025.46,99.98,3995,,,99.98,3995,,,99.98,2048,,,99.5,4096,14.45,3837.469,99.54,4096,12.45,941.159,1.01,1.07,1.66,1.01,1.07,1.66,0.10,0.12,0.24,0.74,2.95,23.50,1.51,3.23,23.71
HTTP echo service,4G,300,10240,500,HTTP Request,359658,0,0,598.91,501.02,1.12,500,706,501,501,501,501,501,503,6046.43,6090.88,99.99,3925.5,,,99.99,3925.5,,,99.99,2048,,,99.93,4096,12.9,1593.112,99.93,4096,12.8,1448.155,0.00,0.07,0.60,0.00,0.07,0.60,0.00,0.02,0.09,0.00,0.18,8.40,1.32,0.42,8.51
HTTP echo service,4G,300,10240,1000,HTTP Request,179910,0,0,299.39,1002.01,0.85,1000,1207,1003,1003,1003,1003,1003,1003,3022.55,3044.77,99.99,3925.5,,,99.99,3925.5,,,99.99,2048,,,99.95,4096,12.25,651.952,99.95,4096,11.75,72.125,0.00,0.00,0.20,0.00,0.00,0.20,0.00,0.00,0.01,0.00,0.01,2.97,0.00,0.02,3.01
HTTP echo service,4G,500,50,0,HTTP Request,43042896,0,0,71726.68,6.06,6.82,0,554,7,8,9,14,25,100,10156.61,15480.08,99.91,4095.5,,,99.91,4095.5,,,99.87,2048,,,96.83,4096,11.2,869.034,96.86,4096,13.3,2172.232,2.78,2.63,1.93,2.78,2.63,1.93,0.65,0.70,0.46,238.32,220.06,142.23,206.44,213.51,139.43
HTTP echo service,4G,500,50,30,HTTP Request,9845731,0,0,16408.76,30.43,3.57,30,267,30,31,31,31,31,100,2323.51,3541.34,99.96,4030.5,,,99.96,4030.5,,,99.97,2048,,,99.24,4096,12.75,1376.03,99.24,4096,14.15,3403.305,0.70,0.78,0.97,0.70,0.78,0.97,0.19,0.19,0.33,0.66,4.06,37.13,0.99,4.03,36.46
HTTP echo service,4G,500,50,500,HTTP Request,599538,0,0,998.37,501.04,1.5,500,582,501,501,501,501,501,503,141.37,215.47,99.98,3925.5,,,99.98,3925.5,,,99.99,2048,,,99.92,4096,10.681,1619.982,99.93,4096,9802,3225.821,0.00,0.05,0.35,0.00,0.05,0.35,0.00,0.02,0.12,0.00,0.12,12.36,0.00,0.14,12.22
HTTP echo service,4G,500,50,1000,HTTP Request,299864,0,0,498.99,1002.01,0.81,1000,1067,1003,1003,1003,1003,1003,1003,70.66,107.69,99.99,3925.5,,,99.99,3925.5,,,99.99,2048,,,99.96,4096,9160,4133.746,99.96,4096,9214.5,4056.672,0.01,0.03,0.14,0.01,0.03,0.14,0.00,0.00,0.03,0.01,0.03,4.40,0.00,0.06,4.38
HTTP echo service,4G,500,1024,0,HTTP Request,38246807,0,0,63735.65,6.89,7.12,0,503,8,9,10,15,27,101,69773.11,74503.49,99.9,4095.5,,,99.9,4095.5,,,99.89,2048,,,97.22,4096,11,1158.241,97.2,4096,14.85,4417.296,4.47,3.95,2.51,4.47,3.95,2.51,0.57,0.59,0.37,227.79,213.51,135.41,234.67,218.85,138.75
HTTP echo service,4G,500,1024,30,HTTP Request,9832674,0,0,16385.17,30.46,3.62,30,121,31,31,31,31,31,101,17937.28,19153.37,99.95,4031,,,99.95,4031,,,99.97,2048,,,99.25,4096,10150.5,2732.968,99.26,4096,11.2,869.034,0.72,0.85,1.22,0.72,0.85,1.22,0.16,0.22,0.31,0.88,4.49,37.52,1.54,4.85,39.15
HTTP echo service,4G,500,1024,500,HTTP Request,599489,0,0,998.28,501.03,1.31,500,575,501,501,501,501,501,503,1092.84,1166.93,99.98,3925.5,,,99.98,3925.5,,,99.99,2048,,,99.92,4096,12.1,434.871,99.92,4096,12.5,1013.991,0.00,0.03,0.42,0.00,0.03,0.42,0.15,0.04,0.11,0.00,0.18,13.41,0.03,0.21,13.07
HTTP echo service,4G,500,1024,1000,HTTP Request,299875,0,0,498.96,1002.02,1.09,1000,1080,1003,1003,1003,1003,1003,1003,546.22,583.25,99.99,3925.5,,,99.99,3925.5,,,99.99,2048,,,99.96,4096,9209.5,4063.743,99.96,4096,9218.5,4051.015,0.00,0.04,0.17,0.00,0.04,0.17,0.00,0.00,0.02,0.00,0.00,4.74,0.00,0.02,4.96
HTTP echo service,4G,500,10240,0,HTTP Request,28590519,0,0,47646.1,9.46,8.62,0,555,10,12,13,19,35,126,481020.88,484557.12,99.92,4095,,,99.92,4095,,,99.92,2048,,,97.81,4096,13.1,1883.025,97.82,4096,13.35,2245.064,5.86,5.61,3.67,5.86,5.61,3.67,0.48,0.44,0.28,233.83,221.85,142.81,218.31,213.04,137.92
HTTP echo service,4G,500,10240,30,HTTP Request,9798375,0,0,16329.4,30.57,3.47,30,270,31,31,31,31,31,94,164856.78,166068.73,99.96,4040,,,99.96,4040,,,99.97,2048,,,99.21,4096,10.819,1419.87,99.24,4096,12.8,1448.155,1.40,1.79,2.19,1.40,1.79,2.19,0.18,0.18,0.25,1.41,5.53,41.68,1.39,5.22,39.83
HTTP echo service,4G,500,10240,500,HTTP Request,599366,0,0,998.1,501.05,1.52,500,709,501,501,501,501,501,505,10076.54,10150.62,99.98,3925.5,,,99.98,3925.5,,,99.99,2048,,,99.92,4096,11.9,144.957,99.9,4096,14,3186.223,0.00,0.21,0.87,0.00,0.21,0.87,0.02,0.03,0.10,0.00,0.23,14.81,0.00,0.21,14.15
HTTP echo service,4G,500,10240,1000,HTTP Request,299874,0,0,498.95,1002.01,0.67,1000,1063,1003,1003,1003,1003,1003,1003,5037.24,5074.27,99.99,3925.5,,,99.99,3925.5,,,99.99,2048,,,99.93,4096,12.8,1448.155,99.94,4096,12.35,796.909,0.09,0.10,0.34,0.09,0.10,0.34,0.00,0.00,0.00,0.01,0.02,5.25,0.00,0.05,5.04
HTTP echo service,4G,1000,50,0,HTTP Request,41145749,0,0,68567.79,12.58,15.02,0,1711,14,16,20,44,82,185,9709.31,14798.32,99.82,4095.5,,,99.82,4095.5,,,99.87,2048,,,96.9,4096,10.788,1465.125,96.89,4096,15.8,5792.619,3.03,3.14,2.21,3.03,3.14,2.21,0.42,0.53,0.37,472.00,433.11,276.36,385.14,380.91,247.83
HTTP echo service,4G,1000,50,30,HTTP Request,19464573,0,0,32437.17,30.78,6.12,30,267,31,31,31,31,31,119,4593.15,7000.6,99.89,4086.5,,,99.89,4086.5,,,99.95,2048,,,98.47,4096,10.356,2090.915,98.52,4096,13.5,2462.146,3.87,3.14,2.33,3.87,3.14,2.33,0.35,0.35,0.37,3.11,8.91,73.27,2.43,8.39,66.44
HTTP echo service,4G,1000,50,500,HTTP Request,1198813,0,0,1996.31,501.09,2.3,500,594,501,501,501,501,501,547,282.68,430.84,99.96,3925.5,,,99.96,3925.5,,,99.99,2048,,,99.88,4096,9796.5,3233.599,99.88,4096,9766.5,3276.026,0.07,0.14,0.81,0.07,0.14,0.81,0.02,0.03,0.15,0.00,0.31,24.48,0.00,0.27,22.14
HTTP echo service,4G,1000,50,1000,HTTP Request,599784,0,0,998.1,1002.02,1.22,1000,1205,1003,1003,1003,1003,1003,1003,141.33,215.41,99.96,3925.5,,,99.96,3925.5,,,99.99,2048,,,99.89,4096,14.85,4417.296,99.9,4096,15.2,4923.585,0.12,0.09,0.32,0.12,0.09,0.32,0.00,0.00,0.04,0.02,0.09,8.74,0.03,0.10,7.91
HTTP echo service,4G,1000,1024,0,HTTP Request,35737210,0,0,59555.66,14.68,14.99,0,1170,16,19,23,46,83,186,65197.17,69617.31,99.83,4095.5,,,99.83,4095.5,,,99.89,2048,,,97.28,4096,14,3186.223,97.26,4096,15.8,5792.619,3.04,3.28,2.25,3.04,3.28,2.25,0.35,0.42,0.30,400.54,396.98,257.46,415.25,408.39,268.24
HTTP echo service,4G,1000,1024,30,HTTP Request,19436887,0,0,32389.9,30.82,6.22,30,236,31,31,31,31,31,121,35458.08,37862.02,99.89,4086.5,,,99.89,4086.5,,,99.95,2048,,,98.43,4096,14.5,3910.3,98.48,4096,12.65,1231.073,1.78,2.24,2.07,1.78,2.24,2.07,0.15,0.23,0.33,3.09,9.93,72.41,3.11,9.95,75.30
HTTP echo service,4G,1000,1024,500,HTTP Request,1198931,0,0,1996.53,501.08,2.17,500,707,501,501,501,501,501,535,2185.66,2333.84,99.96,3925.5,,,99.96,3925.5,,,99.99,2048,,,99.84,4096,16.35,6589.528,99.88,4096,9560,3568.061,0.01,0.09,0.70,0.01,0.09,0.70,0.00,0.01,0.12,0.00,0.34,24.15,0.00,0.67,25.46
HTTP echo service,4G,1000,1024,1000,HTTP Request,599720,0,0,997.83,1002.03,1.32,1000,1083,1003,1003,1003,1003,1003,1003,1092.35,1166.41,99.96,3925.5,,,99.96,3925.5,,,99.99,2048,,,99.89,4096,15.95,6009.701,99.89,4096,15.75,5720.494,0.26,0.11,0.29,0.26,0.11,0.29,0.01,0.02,0.04,0.00,0.08,8.67,0.01,0.09,9.14
HTTP echo service,4G,1000,10240,0,HTTP Request,27291245,0,0,45480.86,19.58,16.98,0,1482,21,25,30,58,90,196,459161.26,462536.8,99.85,4094.5,,,99.85,4094.5,,,99.92,2048,,,97.83,4096,10.144,2398.506,97.8,4096,13.85,2969.141,6.04,5.80,3.71,6.04,5.80,3.71,0.37,0.39,0.27,473.61,435.28,280.50,463.76,424.70,272.41
HTTP echo service,4G,1000,10240,30,HTTP Request,19315443,0,0,32187.79,31.01,6.14,30,254,31,31,31,31,33,114,324958.39,327347.32,99.89,4086.5,,,99.89,4086.5,,,99.95,2048,,,98.32,4096,14.8,4344.464,98.42,4096,9750,3299.36,5.75,5.34,4.43,5.75,5.34,4.43,0.26,0.28,0.32,3.02,15.47,91.39,3.35,15.05,88.90
HTTP echo service,4G,1000,10240,500,HTTP Request,1198664,0,0,1995.98,501.08,2.07,500,710,501,501,501,501,501,547,20150.86,20299,99.96,3925.5,,,99.96,3925.5,,,99.99,2048,,,99.87,4096,10133,2757.716,99.85,4096,15.1,4779.335,0.05,0.48,1.69,0.05,0.48,1.69,0.06,0.04,0.14,0.00,0.50,30.46,0.83,0.81,29.79
HTTP echo service,4G,1000,10240,1000,HTTP Request,599678,0,0,997.84,1002.03,1.16,1000,1206,1003,1003,1003,1003,1003,1007,10073.9,10147.96,99.97,3925.5,,,99.97,3925.5,,,99.99,2048,,,99.91,4096,11.6,289.207,99.91,4096,11.9,144.957,0.24,0.07,0.60,0.24,0.07,0.60,0.01,0.02,0.05,0.00,0.04,10.85,0.00,0.07,10.61
